rank,id,company,episode,youtube
1,s13e10p1129-smarttirecompany,SmartTireCompany,S13E10,
2,s12e9p1025-all33,ALL33,S12E09,
3,s3e13p152-skyride,Skyride,S3E13,
4,s16e11p1405-joyebells,Joyebells,S16E11,
5,s6e15p438-belloverde,BelloVerde,S6E15,
6,s2e1p68-copadivino,CopadiVino,S2E01,
7,s5e18p333-buzzy4shots,Buzzy4Shots,S5E18,
8,s15e15p1333-coldest,Coldest,S15E15,
9,s13e10p1130-candi,Candi,S13E10,
10,s6e7p406-singtrix,SingTrix,S6E07,
11,s1e3p15-voyageairguitar,VoyageAirGuitar,S1E03,
12,s16e10p1398-charcharms,CharCharms,S16E10,
13,s1e9p42-virtusphere,VirtuSphere,S1E09,
14,s4e11p203-fatassfudge,FatAssFudge,S4E11,
15,s5e16p326-nexersys,Nexersys,S5E16,
16,s16e4p1375-terrashroom,terrashroom,S16E04,
17,s7e17p563-mtailor,MTAILOR,S7E17,
18,s3e1p104-businessghost,BusinessGhost,S3E01,
19,s4e6p183-freakerusa,FreakerUSA,S4E06,
20,s15e10p1314-heather-schoice,Heather'sChoice,S15E10,
21,s5e21p344-packbackbooks,PackbackBooks,S5E21,
22,s6e26p482-buckmason,BuckMason,S6E26,
23,s6e13p431-coffeemeetsbagel,CoffeeMeetsBagel,S6E13,
24,s15e2p1280-matador,Matador,S15E02,
25,s5e27p370-thebouqscompany,TheBouqsCompany,S5E27,
26,s6e18p451-himalayandogchew,HimalayanDogChew,S6E18,
27,s8e14p667-getaway,Getaway,S8E14,
28,s13e1p1095-pashko,Pashko,S13E01,
29,s9e1p711-simplehabit,SimpleHabit,S9E01,
30,s3e13p151-airbedz,AirBedz,S3E13,
31,s13e1p1093-uprisingbread,UprisingBread,S13E01,
32,s4e6p184-econutssoap,EcoNutsSoap,S4E06,
33,s15e11p1318-thetabletyke,TheTableTyke,S15E11,
34,s6e21p461-bedryder,BedRyder,S6E21,
35,s5e22p351-kodiakcakes,KodiakCakes,S5E22,
36,s6e15p439-napwell,Napwell,S6E15,
37,s15e2p1281-returnhome,ReturnHome,S15E02,
38,s3e1p103-mywonderfullife,MyWonderfulLife,S3E01,
39,s5e15p322-fitdeck,FitDeck,S5E15,
40,s10e3p812-soupergirl,Soupergirl,S10E03,
41,s4e13p211-subzeroicecream,SubZeroIceCream,S4E13,
42,s16e12p1406-thehappybirdwatcher,TheHappyBirdwatcher,S16E12,
43,s16e14p1415-blackdot,Blackdot,S16E14,
44,s6e19p455-lumi,Lumi,S6E19,
45,s6e7p407-beardbrand,Beardbrand,S6E07,
46,s8e19p686-mealenders,MealEnders,S8E19,
47,s13e13p1143-overezchickencoop,OverEZChickenCoop,S13E13,
48,s12e14p1044-pashionfootwear,PashionFootwear,S12E14,
49,s6e23p469-brandyourself,BrandYourself,S6E23,
50,s4e14p215-xeroshoes,XeroShoes,S4E14,
51,s7e18p565-cleansleep,CleanSleep,S7E18,
52,s4e19p234-babylovesdisco,BabyLovesDisco,S4E19,
53,s10e18p872-nuchas,Nuchas,S10E18,
54,s15e13p1325-modernpicnic,ModernPicnic,S15E13,
55,s1e2p9-crookedjaw,CrookedJaw,S1E02,
56,s12e12p1038-rulebreaker,RuleBreaker,S12E12,
57,s9e14p763-birddogs,Birddogs,S9E14,
58,s1e3p14-50statecapitalsin50minutes,50StateCapitalsin50Minutes,S1E03,
59,s8e18p681-oraorganics,OraOrganics,S8E18,
60,s14e10p1226-vochill,Vochill,S14E10,
61,s6e19p454-ssekodesigns,SsekoDesigns,S6E19,
62,s1e2p8-lifebelt,Lifebelt,S1E02,
63,s5e11p307-virtuixomni,VirtuixOmni,S5E11,
64,s6e20p459-taalumatotes,TaalumaTotes,S6E20,
65,s15e1p1278-piewine,PieWine,S15E01,
66,s13e12p1137-ta3swimwear,TA3Swimwear,S13E12,
67,s1e9p41-cornucopiaexpress,CornucopiaExpress,S1E09,
68,s9e14p762-inirv,Inirv,S9E14,
69,s4e21p243-echovalleymeats,EchoValleyMeats,S4E21,
70,s5e18p335-cheek-d,Cheek'd,S5E18,
71,s6e16p442-victoria-skitchen,Victoria'sKitchen,S6E16,
72,s6e16p443-tycoonrealestate,TycoonRealEstate,S6E16,
73,s12e5p1009-liftidneurostimulation,LiftidNeurostimulation,S12E05,
74,s7e16p557-beartek,Beartek,S7E16,
75,s15e1p1277-worthybrands,WorthyBrands,S15E01,
76,s5e27p371-sustyparty,SustyParty,S5E27,
77,s4e22p247-tremontelectric,TremontElectric,S4E22,
78,s14e12p1231-nutr,Nutr,S14E12,
79,s4e21p242-rootsuit,Rootsuit,S4E21,
80,s10e18p873-havenlock,HavenLock,S10E18,
81,s15e9p1307-flywithwine,FlyWithWine,S15E09,
82,s6e23p471-thehomet,TheHomeT,S6E23,
83,s1e3p13-kwyztachopstickart,KwyztaChopstickArt,S1E03,
84,s16e8p1390-hiccup,Hiccup,S16E08,
85,s15e12p1319-jay-spetbutter,Jay'sPetButter,S15E12,
86,s6e26p481-snagastool,SnagaStool,S6E26,
87,s4e19p235-cellhelmet,CellHelmet,S4E19,
88,s1e10p45-thebobbleplace,TheBobblePlace,S1E10,
89,s12e16p1055-busybabymat,BusyBabyMat,S12E16,
90,s16e17p1426-frameyourfeline,FrameYourFeline,S16E17,
91,s13e5p1110-beulr,Beulr,S13E05,
92,s16e20p1439-tickmitt,TickMitt,S16E20,
93,s5e26p367-crio,Crio,S5E26,
94,s14e12p1234-nopalera,Nopalera,S14E12,
95,s9e1p709-wypaviation,WypAviation,S9E01,
96,s14e12p1233-brassroots,BrassRoots,S14E12,
97,s4e14p214-cuddletunes,CuddleTunes,S4E14,
98,s13e11p1133-mustlove,MustLove,S13E11,
99,s14e11p1228-metricmate,MetricMate,S14E11,
100,s1e4p18-graffitiremovalservices,GraffitiRemovalServices,S1E04,
